Chromosome	Start	End	Locus_name	bcov	mdcov
22	147620	147719	GOLDEN_GENE1	82	3.70732
22	147820	147889	UNWANTED_REGION1	100	53.1429
22	147970	148069	GOLDEN_GENE2	91	4.27473
22	148190	148389	UNWANTED_REGION2	97.5	72.6667
22	148490	148639	GOLDEN_GENE3	64.6667	2.47423
